1688708555823,125
1688708761222,296
1688708842197,224
1688708855464,15
1688709111411,296
1688709135115,108
1688709324218,159
1688709577780,71
1688709736028,71
1688709739781,58
1688709742041,49
1688709756327,162
1688709761601,52
1688709799490,125
1688709816193,1000
1688709824673,1000
1688709827263,454
1688709828566,100
1688709829498,74
1688709840907,56
1688709846117,29
1688709893126,768
1688709917111,100
1688709917450,100
1688709918001,55
1688709918150,4
1688709918165,100
1688709918996,100
1688709919027,24
1688709919505,14
1688709919746,100
1688709920506,100
1688709921198,100
1688709921893,100
1688709922596,100
1688709923412,100
1688709924092,100
1688709924897,100
1688709925505,23
1688710101702,113
1688710117917,71
1688710147631,271
1688710190263,237
1688710193141,4
1688710194256,6
1688710195287,68
1688710196116,4
1688710197056,4
1688710214914,269
1688710506030,365
1688710518163,319
1688710551655,365
1688711175192,799
1688711223989,49
1688711238066,26
1688711240040,3
1688711242000,4
1688711281308,799
1688711303718,365
1688711437979,799
1688711474826,652
1688711545670,652
1688711599590,93
1688711629486,519
1688711647664,64
1688711703113,519
1688711782829,132
1688711796853,42
1688711950735,603
1688712747537,477
1688712843081,757
1688712975368,55
1688713015370,3
1688713296938,563
1688713310151,144
1688713939108,247
1688714234398,315
1688714243988,68
1688714421599,1000
1688714423407,1000
1688714425227,806
1688714495819,1000
1688714497192,87
1688714540306,1000
1688714542361,1000
1688714544220,806
1688714634310,1000
1688714636025,1000
1688714637633,1000
1688714638912,297
1688714652446,100
1688714653201,100
1688714653794,100
1688714654328,21
1688714876707,488
1688714961414,488
1688715109932,983
1688715208092,1000
1688715210702,118
1688715232127,1000
1688715235689,1000
1688715238817,661
1688715243707,1000
1688715245211,98
1688715264394,983
1688715293122,1000
1688715294094,98
1688715308601,105
1688715371514,338
1688715438909,1000
1688715441832,1000
1688715444719,756
1688715445108,595
1688715457826,338
1688715482907,1
1688715485826,2
1688715486585,18
1688715486856,1
1688715493825,3
1688715494226,2
1688715494666,6
1688715495148,7
1688715495588,4
1688715495823,2
1688715496340,4
1688715496873,2
1688715497699,47
1688715498087,3
1688715499129,10
1688715499672,12
1688715500226,18
1688715500685,6
1688715501103,9
1688715501653,11
1688715502112,5
1688715502758,8
1688715503287,12
1688715503654,10
1688715504386,49
1688715504728,18
1688715505387,20
1688715505863,7
1688715506356,13
1688715506879,8
1688715507380,8
1688715507846,8
1688715508511,15
1688715509133,2
1688715509591,17
1688715521793,1000
1688715522770,98
1688715634822,313
1688715649037,622
1688715654272,261
1688715656010,313
1688715699930,1000
1688715701905,482
1688715855505,416
1688715923312,313
1688715953726,431
1688715955793,63
1688715959383,34
1688715960801,313
1688715962001,313
1688715962419,545
1688715973652,313
1688716016511,504
1688716023101,238
1688716028007,589
1688716049090,23
1688716063506,313
1688716066124,628
1688716086002,313
1688716096596,313
1688716129300,313
1688716241778,111
1688716622036,243
1688716642054,82
1688716654818,1000
1688716656820,501
1688716685899,243
1688716688703,243
1688716693591,82
1688716699836,1000
1688716702815,501
1688716705404,243
1688716710090,82
1688716815585,1000
1688716818825,501
1688716821613,431
1688716847017,3
1688716855088,100
1688716856179,100
1688716857093,100
1688716857870,9
1688716865528,81
1688716873156,52
1688716881633,100
1688716889136,100
1688716890624,100
1688716891504,100
1688716892393,100
1688716893247,78
1688716898594,28
1688716905493,65
1688716910992,98
1688716916615,68
1688716919871,17
1688717147807,530
1688717255021,405
1688717327725,782
1688717384030,118
1688717392423,782
1688717395907,502
1688717419316,918
1688717432724,120
1688717440275,164
1688717505248,453
1688717575505,626
1688717599639,779
1688717599881,530
1688717604931,164
1688717605686,29
1688717606760,31
1688717607791,24
1688717608734,21
1688717609524,12
1688717610899,90
1688717611646,38
1688717612553,8
1688717635673,61
1688717682628,984
1688717708801,131
1688717714295,984
1688718051057,187
1688718054895,187
1688718087037,383
1688718299499,612
1688718345811,25
1688718347382,26
1688718487766,164
1688718711908,1000
1688718714226,1000
1688718715918,1000
1688718717707,75
1688718720905,388
1688718721636,826
1688718766695,1000
1688718769135,998
1688718778161,878
1688718788704,322
1688719030126,1000
1688719785225,371
1688719843790,164
1688719997811,1000
1688719998989,10
1688720021432,1000
1688720023918,1000
1688720026534,999
1688720029596,1000
1688720032913,1000
1688720036299,1000
1688720039944,1000
1688720045312,1000
1688720052491,1000
1688720057713,1000
1688720098190,1000
1688720100674,10
1688720123405,1000
1688720125490,10
1688720269810,1000
1688720271985,10
1688720330154,76
1688720359923,1000
1688720362161,10
1688720365132,472
1688720377142,3
1688720380144,23
1688720381832,314
1688720608912,674
1688720965813,78
1688721026930,22
1688721030496,5
1688721154209,1000
1688721155235,145
1688721205636,1000
1688721208697,432
1688721239512,1000
1688721242920,457
1688721325739,843
1688721387406,119
1688721439499,1000
1688721441993,145
1688721508648,670
1688721546122,1000
1688721548424,46
1688721609202,278
1688721644520,317
1688721903502,32
1688722404619,32
1688722554811,257
1688723157317,603
1688723449622,242
1688723480266,49
1688723487372,7
1688723488142,5
1688723565198,355
1688723580001,355
1688723586992,153
1688723657609,781
1688723830432,435
1688723839087,38
1688723895935,1000
1688723898112,1000
1688723900000,1000
1688723902114,1000
1688723904117,1000
1688723906299,1000
1688723908611,1000
1688723910815,1000
1688723914909,1000
1688723917814,1000
1688723920846,1000
1688723924041,1000
1688723927117,1000
1688723930306,1000
1688723934121,1000
1688724023717,113
1688724047990,25
1688724053830,406
1688724063910,30
1688724075891,109
1688724114515,406
1688724123205,147
1688724221621,30
1688724384722,239
1688724498798,262
1688724539501,161
1688724658837,635
1688724670114,239
1688724682397,87
1688725112510,40
1688726109817,263
1688726211902,263
1688726253513,263
1688726435796,263
1688726986864,37
1688727125336,1000
1688727130999,1000
1688727134420,134
1688727134635,570
1688727157515,55
1688727171184,11
1688727176189,89
1688727182227,94
1688727197395,245
1688727297211,245
1688727319003,3
1688727548088,111
1688727564223,1000
1688727566687,1000
1688727568424,412
1688727622952,37
1688727946096,380
1688728081200,380
1688728091397,380
1688728112943,242
1688728341787,1000
1688728345508,1000
1688728350099,1000
1688728354987,1000
1688728360971,897
1688728510199,1000
1688728513799,1000
1688728517695,1000
1688728523288,1000
1688728529393,897
1688728579211,1000
1688728583325,1000
1688728588801,1000
1688728594397,1000
1688728601208,897
1688729033483,299
1688729051904,55
1688729678912,1000
1688729680997,406
1688729692803,1000
1688729693847,34
1688729735240,1000
1688729736324,34
1688729805639,1000
1688729842593,738
1688730949495,106
1688730954723,949
1688731006515,419
1688731074719,1000
1688731077784,1000
1688731080634,629
1688731229310,1000
1688731230723,374
1688731342893,72
1688731356803,100
1688731357396,100
1688731357898,100
1688731358495,100
1688731358992,100
1688731359492,100
1688731359964,100
1688731360500,100
1688731361090,100
1688731361598,100
1688731362197,100
1688731362787,100
1688731363291,100
1688731363722,68
1688731414929,1000
1688731417075,406
1688731632551,302
1688731677690,927
1688731851407,1000
1688731853375,406
1688732134302,231
1688732344702,1000
1688732348115,204
1688732420300,275
1688732432296,275
1688732498606,231
1688732712198,231
1688732741714,883
1688732888410,231
1688732921381,268
1688732934263,231
1688732935717,255
1688732942792,33
1688732954014,19
1688732958640,4
1688732959572,13
1688732960776,11
1688732962205,11
1688732963130,8
1688732964096,14
1688732968194,9
1688732978746,228
1688732987889,100
1688732988407,100
1688732988995,100
1688732989499,100
1688732990112,100
1688732990604,100
1688732991195,100
1688732991701,100
1688732992290,100
1688732992888,100
1688732993489,100
1688732994091,100
1688732994593,100
1688732995195,100
1688732995803,100
1688732996374,100
1688732996960,100
1688732997631,100
1688732998302,100
1688732998991,100
1688732999617,100
1688733000289,100
1688733000995,100
1688733001802,100
1688733002694,100
1688733003496,100
1688733004396,100
1688733005292,100
1688733005992,100
1688733006801,100
1688733007507,47
1688733150895,231
1688733186739,318
1688733197023,25
1688733201507,50
1688733356787,642
1688733755916,1000
1688733757544,685
1688734140219,674
1688734424103,384
1688734472391,96
1688734538550,96
1688734557980,96
1688734947599,970
1688735102845,1000
1688735104599,314
1688735107023,190
1688735128500,829
1688735136403,970
1688735153608,539
1688735193693,11
1688735194727,1
1688735195430,3
1688735196288,100
1688735196891,100
1688735197403,100
1688735197790,30
1688735197934,100
1688735198382,62
1688735198548,66
1688735201748,590
1688735299090,970
1688735302870,59
1688735483954,20
1688735579900,1000
1688735581117,179
1688735585790,100
1688735586093,29
1688735586425,99
1688735587192,100
1688735587881,100
1688735588014,351
1688735588650,100
1688735589489,100
1688735590302,100
1688735590818,9
1688735623103,907
1688735720323,398
1688735847487,93
1688735887992,93
1688735929692,1000
1688735931493,514
1688736301313,453
1688736420914,1
1688736509571,738
1688736672707,313
1688736783297,336
1688736971007,711
1688737009163,313
1688737027497,941
1688737039505,308
1688737052321,50
1688737162802,308
1688737226291,70
1688737230193,190
1688737305100,51
1688737389010,336
1688737555590,143
1688737588699,829
1688737614704,829
1688737647600,143
1688737689115,223
1688737837756,561
1688737877996,143
1688737974503,223
1688738081985,223
1688738218601,294
1688738243134,223
1688738256094,393
1688738258139,8
1688738258588,7
1688738259238,9
1688738260089,8
1688738263762,47
1688738272155,223
1688738300796,223
1688738380913,223
1688738389736,223
1688738480356,470
1688738819189,470
1688738822491,1000
1688738824540,573
1688738863071,819
1688738887387,1000
1688738888469,87
1688738963837,1000
1688739007703,116
1688739018418,687
1688739038306,1000
1688739039715,200
1688739102796,140
1688739103109,125
1688739114216,14
1688739114990,100
1688739115420,21
1688739115989,74
1688739118468,56
1688739120820,29
1688739123691,1000
1688739126213,1000
1688739130434,453
1688739131688,125
1688739136911,100
1688739137920,74
1688739144436,125
1688739150216,125
1688739152266,8
1688739155201,100
1688739156001,54
1688739156245,74
1688739158088,56
1688739159720,29
1688739170637,160
1688739206296,1000
1688739208498,700
1688739406893,1000
1688739408479,449
1688739410100,618
1688739420866,4
1688739423935,100
1688739424798,100
1688739425792,100
1688739426517,24
1688739492893,1000
1688739495406,449
1688739701445,137
1688739746909,345
1688739947922,308
1688739999700,9
1688740061223,308
1688740098393,308
1688740463013,447
1688740508591,83
1688740533606,416
1688740579776,20
1688740580571,1
1688740583289,243
1688740596705,250
1688740620898,735
1688740676315,416
1688740688586,416
1688740699290,20
1688740702877,1
1688740725992,735
1688740739651,105
1688740961722,189
1688740985737,100
1688740986248,54
1688740986626,100
1688740986691,100
1688740987497,100
1688740987507,100
1688740988163,100
1688740988475,100
1688740989099,1000
1688740989300,100
1688740989308,100
1688740990306,100
1688740990318,100
1688740990972,100
1688740991180,100
1688740991919,100
1688740991966,100
1688740992621,100
1688740992758,100
1688740993509,100
1688740993558,100
1688740994407,100
1688740994432,100
1688740995120,100
1688740995246,100
1688740996002,100
1688740996131,100
1688740996894,100
1688740997137,100
1688740997673,100
1688740998063,100
1688740998438,100
1688740999106,100
1688740999280,417
1688740999339,100
1688740999947,100
1688741000192,100
1688741000790,100
1688741000867,100
1688741001448,40
1688741001610,100
1688741002355,3
1688741002425,100
1688741003278,100
1688741004997,100
1688741005794,100
1688741006789,100
1688741007491,54
1688741240707,416
1688741250994,20
1688741251528,1
1688741267347,145
1688741269380,100
1688741269610,68
1688741269624,46
1688741269889,71
1688741269937,39
1688741272364,753
1688741314086,674
1688741394027,1000
1688741397307,1000
1688741403216,1000
1688741406791,1000
1688741410219,917
1688741792136,674
1688741817086,19
1688741854496,177
1688741861330,674
1688741916109,470
1688742051705,252
1688742067144,98
1688742073993,371
1688742806509,478
1688743107290,363
1688743164701,274
1688743172956,100
1688743173560,100
1688743173793,10
1688743243605,1000
1688743246325,1000
1688743249187,1000
1688743251531,836
1688743797420,999
1688743799719,982
1688744469524,594
1688744517706,1000
1688744518970,139
1688744539789,125
1688744652828,999
1688744656111,982
1688744711735,46
1688744712932,999
1688744715097,982
1688744831695,1000
1688744835110,1000
1688744838802,604
1688745090600,999
1688745132316,175
1688745326664,175
1688745669418,328
1688745692491,31
1688745931918,604
1688746019304,61
1688746021432,33
1688746022151,34
1688746023696,42
1688746029214,65
1688746031996,56
1688746033625,48
1688746138350,312
1688746753387,999
1688746756234,1000
1688746758740,375
1688746789693,1000
1688746793408,1000
1688746796915,665
1688746842613,999
1688746846306,1000
1688746849101,375
1688746864155,440
1688746945584,49
1688746998195,998
1688747000156,580
1688747022903,2
1688747025084,4
1688747026314,28
1688747027149,1
1688747033091,7
1688747036986,11
1688747045060,58
1688747049955,8
1688747062587,61
1688747065239,82
1688747153223,998
1688747153502,604
1688747155275,580
1688747160396,2
1688747161498,4
1688747162452,28
1688747162802,1
1688747166297,7
1688747167366,2
1688747168271,7
1688747169654,1
1688747170642,11
1688747171896,182
1688747177132,58
1688747179733,50
1688747180497,8
1688747187152,61
1688747193849,82
1688747202353,64
1688747810494,142
1688747819006,294
1688747920891,142
1688747931426,728
1688747940938,1000
1688747943337,1000
1688747945511,1000
1688747947197,1000
1688747949044,1000
1688747950917,1000
1688747952809,842
1688747965035,294
1688748015218,1000
1688748017298,947
1688748087514,137
1688748110596,124
1688748138909,76
1688748147173,489
1688748161021,723
1688748167489,76
1688748179237,76
1688748646922,412
1688749074811,219
1688749475241,412
1688749497799,412
1688749547299,412
1688749969837,412
1688750011947,251
1688750727209,70
1688751298324,397
1688751348222,643
1688751481612,397
1688751486018,643
1688751513096,796
1688751530318,192
1688752333523,3
1688752345429,374
1688752361853,1
1688752373114,728
1688752376799,100
1688752377489,44
1688752384432,50
1688752392689,14
1688752400490,30
1688752402453,374
1688752403441,73
1688752412988,537
1688752420095,38
1688752449208,374
1688752451709,329
1688752727508,1000
1688752730597,1000
1688752733106,611
1688752859702,514
1688752871813,106
1688752905099,341
1688752929906,514
1688752978895,266
1688752996971,3
1688753000235,9
1688753010711,855
1688753033469,266
1688753047903,1000
1688753051518,1000
1688753051733,3
1688753054357,2
1688753055458,9
1688753056712,1000
1688753064210,943
1688753543404,368
1688753870702,81
1688753892015,8
1688753892852,2
1688753893422,3
1688753893893,3
1688753894104,1
1688753894604,35
1688753894655,2
1688753896154,22
1688753896576,12
1688753898362,23
1688753898995,18
1688753899470,28
1688753900009,16
1688753951327,732
1688754061732,514
1688754541023,1000
1688754543310,1000
1688754545726,1000
1688754548435,1000
1688754555810,999
1688754564183,1000
1688754725413,1000
1688754728614,1000
1688754731388,1000
1688754734953,1000
1688754740938,1000
1688754744414,1000
1688754761193,1000
1688754781029,302
1688754962303,245
1688754989030,1000
1688754991051,501
1688755019116,1000
1688755020818,1000
1688755022510,1000
1688755024096,1000
1688755028814,1000
1688755030198,1000
1688755033998,1000
1688755037700,1000
1688755039199,1000
1688755043614,1000
1688755044991,1000
1688755049305,1000
1688755053475,1000
1688755057894,1000
1688755059299,1000
1688755351830,219
1688755357529,532
1688755389305,245
1688755435686,1000
1688755454422,999
1688755478940,1000
1688755498018,510
1688755498914,1000
1688755512242,17
1688755522250,1000
1688755527597,245
1688755539893,1000
1688755563413,1000
1688755586702,1000
1688755594220,374
1688755603894,1000
1688755620826,1000
1688755644319,1000
1688755665992,1000
1688755688191,1000
1688755712844,1000
1688755738728,1000
1688755769097,942
1688756317985,415
1688756711501,815
1688756741079,29
1688756750669,100
1688756751230,56
1688756758292,100
1688756758850,1
1688756768994,100
1688756769659,100
1688756770235,15
1688756976993,217
1688757507797,238
1688757523191,105
1688757703423,457
1688757797197,205
1688757905692,80
1688757918797,20
1688757933256,3
1688758089408,623
1688758310400,539
1688758520233,374
1688758532175,9
1688758535321,258
1688758708902,917
1688758952815,80
1688758995270,3
1688759001792,73
1688759240644,724
1688759244897,181
1688759250963,374
1688759267432,724
1688759379730,679
1688759438790,181
1688759610813,1000
1688759613077,1000
1688759615299,1000
1688759616897,372
1688759662425,1000
1688759664688,1000
1688759718004,677
1688759730401,123
1688760148205,1000
1688760165630,1000
1688760183229,663
1688760306157,215
1688760313827,62
1688760322604,100
1688760322931,2
1688760330291,78
1688760421008,42
1688760487803,1000
1688760489310,396
1688760512697,100
1688760513399,100
1688760514311,100
1688760515096,100
1688760515800,100
1688760516488,100
1688760517210,100
1688760517988,100
1688760518799,100
1688760519565,100
1688760520294,100
1688760521004,100
1688760521890,100
1688760522533,100
1688760523390,100
1688760524115,100
1688760524998,100
1688760525899,100
1688760526787,100
1688760527547,100
1688760528293,100
1688760529091,100
1688760529898,100
1688760530627,100
1688760531407,100
1688760532146,100
1688760532991,100
1688760533799,100
1688760534618,100
1688760535490,100
1688760536187,100
1688760536898,100
1688760537609,100
1688760538341,100
1688760539191,100
1688760539902,100
1688760540700,100
1688760541495,100
1688760542226,100
1688760543097,100
1688760543900,100
1688760544771,100
1688760545588,100
1688760546490,100
1688760547303,100
1688760547928,21
1688760864233,1000
1688760866607,1000
1688760868350,727
1688761273606,307
1688761309577,31
1688761312074,34
1688761315595,100
1688761316056,4
1688761318786,51
1688761320390,42
1688761321628,42
1688761322891,50
1688761324275,33
1688761327551,61
1688761328689,35
1688761375425,1000
1688761377332,1000
1688761379523,662
1688761891133,88
1688761901372,9
1688761906991,81
1688762460691,500
1688762766998,675
1688762798510,149
1688763077532,1000
1688763078775,320
1688763151908,1000
1688763153302,320
1688763166713,3
1688763168540,29
1688763169003,59
1688763169387,26
1688763169659,27
1688763170146,5
1688763171007,80
1688763171308,21
1688763172798,71
1688763173295,67
1688763174461,32
1688763175606,100
1688763176403,100
1688763177010,100
1688763177696,100
1688763178388,100
1688763179101,100
1688763179790,59
1688763183835,47
1688763589641,675
1688763663992,675
1688763711510,675
1688763924366,875
1688764640802,233
1688764655144,537
1688764719220,537
1688764875961,476
1688764953604,21
1688764953907,102
1688765072888,476
1688765082505,999
1688765083893,153
1688765138130,652
1688765234129,1000
1688765235766,489
1688765534763,102
1688765789666,102
1688766263696,331
1688766377213,215
1688766546308,1000
1688766548711,967
1688766911613,285
1688766921113,1000
1688766923992,1000
1688766926516,1000
1688766929388,1000
1688766932197,992
1688766939572,1
1688766942160,74
1688766984169,60
1688766988458,10
1688766990437,5
1688766995490,12
1688766998003,100
1688766999028,100
1688766999494,43
1688766999513,100
1688767000013,59
1688767071895,100
1688767072493,30
1688767125720,1000
1688767127247,100
1688767128079,100
1688767128419,100
1688767128803,100
1688767129015,100
1688767129211,999
1688767129789,53
1688767129801,100
1688767130321,100
1688767130933,14
1688767132410,379
1688767135851,78
1688767136643,100
1688767137252,100
1688767137340,100
1688767137785,100
1688767137834,100
1688767138204,100
1688767138361,43
1688767138416,86
1688767138811,100
1688767139502,42
1688767140315,76
1688767141599,100
1688767142482,34
1688767142501,100
1688767142984,100
1688767143503,100
1688767144119,100
1688767144294,100
1688767144650,100
1688767145097,82
1688767145107,80
1688767145123,100
1688767146095,100
1688767146889,100
1688767146976,100
1688767147629,100
1688767147749,52
1688767148232,67
1688767149760,100
1688767150596,100
1688767151306,100
1688767152194,100
1688767152859,100
1688767153791,88
1688767175154,31
1688767176124,59
1688767377202,84
1688767383286,1000
1688767386413,999
1688767389259,379
1688767389349,2
1688767391161,5
1688767391669,6
1688767501588,190
1688767532190,57
1688767551842,5
1688767566999,1000
1688767570014,999
1688767572903,379
1688767587544,1000
1688767590598,367
1688767662219,1000
1688767665756,600
1688767682896,100
1688767683523,100
1688767684124,33
1688767691901,1000
1688767694612,507
1688767737014,1000
1688767740107,600
1688767747093,100
1688767747890,100
1688767748522,33
1688767923436,2
1688767925182,9
1688767926385,4
1688767927202,10
1688767928045,6
1688767928135,40
1688767928278,4
1688767928573,27
1688767928816,10
1688767929018,15
1688767929170,13
1688767929478,32
1688767929613,39
1688767929880,43
1688767930098,30
1688767930384,54
1688767930702,98
1688767930783,38
1688767931390,77
1688767931410,38
1688767931785,49
1688767932099,77
1688768582711,491
1688768648922,125
1688768755299,1000
1688768756796,269
1688768781117,420
1688769203492,722
1688769507235,513
1688769515387,25
1688769517368,30
1688769562058,75
1688770723907,527
1688770788009,1000
1688770791603,406
1688770848014,1000
1688770852004,529
1688770873241,34
1688770879801,5
1688770884402,28
1688770885087,527
1688770890486,100
1688770891621,100
1688770892786,100
1688770894089,100
1688770895212,100
1688770895394,100
1688770896594,100
1688770896651,100
1688770897765,100
1688770897946,100
1688770899095,100
1688770899104,100
1688770900220,100
1688770900411,100
1688770901336,100
1688770901544,100
1688770902512,100
1688770902843,100
1688770903661,100
1688770903894,100
1688770904894,100
1688770905249,100
1688770906000,100
1688770906356,100
1688770907604,100
1688770908590,100
1688770909506,100
1688770910698,100
1688770910709,221
1688770911803,100
1688770912948,100
1688770914292,100
1688770915689,100
1688770916987,100
1688770918388,100
1688770919901,100
1688770921147,100
1688770922452,100
1688770923707,100
1688770925237,100
1688770926521,100
1688770927892,100
1688770929332,100
1688770930935,100
1688770932621,100
1688770934087,100
1688770935273,100
1688770937605,100
1688770939455,100
1688770940388,100
1688770940900,100
1688770941821,100
1688770942396,100
1688770943395,100
1688770943898,100
1688770946387,100
1688770947351,100
1688770948894,100
1688770950883,100
1688770951657,242
1688770951944,100
1688770953108,100
1688770954338,100
1688770955562,129
1688770955680,100
1688770956980,100
1688770958196,100
1688770959306,100
1688770960658,100
1688770962191,100
1688770963691,100
1688770965517,100
1688770968156,100
1688770969504,70
1688770971427,100
1688770972554,135
1688770975095,100
1688770976787,100
1688770978188,100
1688770979800,100
1688770981328,100
1688770983393,100
1688770984893,100
1688770986489,100
1688770988003,100
1688770989379,100
1688770991130,100
1688770992584,100
1688770994191,100
1688770996092,38
1688771369305,1000
1688771519045,580
1688771771439,999
1688771773509,1000
1688771775706,1000
1688771778208,943
1688771782779,30
1688771786817,1000
1688771788822,1000
1688771790722,1000
1688771791904,74
1688771791937,386
1688771795289,100
1688771795948,100
1688771796589,100
1688771797208,100
1688771797891,96
1688771868002,998
1688771870305,1000
1688771872621,848
1688772303898,1000
1688772304651,7
1688772310925,250
1688772499594,1000
1688772502789,1000
1688772504959,119
1688772562836,1000
1688772565487,1000
1688772567458,119
1688774887204,999
1688774894207,982
1688775311695,664
1688775312020,1000
1688775314586,1000
1688775317541,876
1688775331305,503
1688775338196,49
1688775339900,15
1688775342065,100
1688775342810,100
1688775343575,100
1688775344634,100
1688775345730,100
1688775346697,100
1688775348019,100
1688775348811,100
1688775349826,100
1688775351167,100
1688775352031,100
1688775352959,100
1688775353736,100
1688775354759,100
1688775355621,74
1688775359399,20
1688775363800,43
1688775367893,100
1688775368701,92
1688775374568,100
1688775375384,100
1688775376164,44
1688775384597,100
1688775391548,64
1688775394253,19
1688775396878,26
1688775399386,30
1688775401261,6
1688775403458,3
1688775405791,11
1688775407159,16
1688775409301,15
1688775413589,100
1688775414160,5
1688775420925,100
1688775421559,6
1688775428008,46
1688775428146,664
1688775432100,85
1688775437691,54
1688775438737,454
1688775441255,36
1688775444957,32
1688775449388,31
1688775452861,27
1688775456232,1
1688775458690,54
1688775463092,54
1688775471703,37
1688775475709,52
1688775478155,100
1688775479213,100
1688775480081,100
1688775480996,100
1688775481889,100
1688775482893,100
1688775483896,100
1688775484852,100
1688775485860,100
1688775486760,100
1688775487675,100
1688775488508,100
1688775489417,100
1688775490503,100
1688775491595,100
1688775492602,100
1688775493590,100
1688775494496,100
1688775495490,100
1688775496413,100
1688775497390,100
1688775498393,100
1688775499390,100
1688775500300,100
1688775501306,100
1688775502300,100
1688775503313,100
1688775504392,100
1688775505504,100
1688775506489,100
1688775507366,100
1688775508387,100
1688775509286,100
1688775510388,100
1688775511396,100
1688775512493,100
1688775513450,100
1688775514411,100
1688775515462,100
1688775516493,100
1688775517488,100
1688775518377,40
1688775525511,100
1688775526414,100
1688775527389,100
1688775528337,100
1688775529413,100
1688775530441,70
1688775556096,100
1688775556989,44
1688775570588,100
1688775571559,26
1688775580848,38
1688775589932,2
1688775597042,4
1688775599541,2
1688775603212,100
1688775604007,9
1688775723388,100
1688775724282,50
1688775846325,1
1688775846965,4
1688775849386,14
1688775850787,12
1688775855252,1
1688775856488,57
1688775860779,11
1688775864291,100
1688775865388,55
1688775871179,7
1688775875790,41
1688775879392,100
1688775880291,100
1688775881143,85
1688775903860,100
1688775904992,100
1688775906093,100
1688775907095,100
1688775908091,100
1688775909142,100
1688775910223,100
1688775911223,100
1688775912147,84
1688775930767,100
1688775931697,49
1688775959989,54
1688775965297,100
1688775966287,100
1688775967391,100
1688775968396,100
1688775969416,100
1688775970485,100
1688775971598,100
1688775972691,100
1688775973692,100
1688775974789,100
1688775975888,100
1688775976926,100
1688775977993,100
1688775978945,100
1688775979891,100
1688775981055,100
1688775982035,100
1688775983102,100
1688775984194,100
1688775985296,100
1688775986363,100
1688775987466,100
1688775988526,100
1688775989413,100
1688775990395,100
1688775991509,100
1688775992594,100
1688775993640,100
1688775994698,100
1688775995796,100
1688775996810,100
1688775997900,100
1688775998989,100
1688775999904,100
1688776001191,100
1688776002297,100
1688776003288,100
1688776004491,100
1688776005587,100
1688776006785,100
1688776007823,100
1688776008791,100
1688776009886,57
1688776030594,100
1688776031792,100
1688776032934,100
1688776033990,100
1688776035090,100
1688776036153,100
1688776037190,100
1688776038294,100
1688776039188,23
1688776044897,100
1688776045891,100
1688776046785,100
1688776047624,100
1688776048329,22
1688776066488,100
1688776067591,100
1688776068587,26
1688776085491,100
1688776086327,100
1688776087291,100
1688776088091,84
1688776125088,963
1688776126924,95
1688776134770,8
1688776151506,18
1688776154345,59
1688776158435,21
1688776165696,23
1688776183639,42
1688776187564,73
1688776194309,63
1688776199538,35
1688776207786,68
1688776230239,64
1688776236727,61
1688776244726,46
1688776246125,62
1688776274890,26
1688776277142,27
1688776278832,34
1688776281845,37
1688776284573,38
1688776288580,40
1688776302074,21
1688776307890,40
1688776311394,36
1688776311661,46
1688776331596,100
1688776332325,23
1688776338622,50
1688776340271,33
1688776344488,37
1688776355994,47
1688776357316,26
1688776358136,27
1688776495986,998
1688776498304,999
1688776500380,763
1688778243919,454
1688779340893,90
1688779538513,656
1688779603925,656
1688779629799,124
1688779765505,90
1688780055627,998
1688780057083,545
1688780183317,108
1688780197379,55
1688780198907,118
1688780205128,100
1688780205783,100
1688780206391,100
1688780206987,100
1688780207589,100
1688780207910,4
1688780459221,108
1688780473825,413
1688780632026,485
1688780792799,1000
1688780794326,626
1688781311377,514
1688782281580,100
1688782341012,80
1688782352138,72
1688782803115,1000
1688782804819,332
1688782827957,854
1688782989024,18
1688782992594,38
1688782999490,42
1688783115091,67
1688783117441,59
1688783124596,100
1688783125410,100
1688783126288,100
1688783127092,100
1688783127902,100
1688783128631,100
1688783129494,100
1688783130392,100
1688783131291,100
1688783132091,100
1688783132902,100
1688783133804,100
1688783134532,100
1688783135390,100
1688783136215,100
1688783136979,100
1688783137990,100
1688783138803,100
1688783139689,100
1688783140589,100
1688783141493,100
1688783142328,100
1688783143206,100
1688783143989,100
1688783144847,100
1688783145699,100
1688783146599,100
1688783147400,100
1688783148188,100
1688783148993,100
1688783149822,100
1688783150691,100
1688783151786,100
1688783152597,100
1688783153593,100
1688783154597,100
1688783155594,100
1688783156795,100
1688783157991,100
1688783158987,100
1688783160054,51
1688783188012,157
1688783198724,9
1688784256912,157
1688784353357,1000
1688784354400,311
1688784391000,604
1688785220904,377
1688785433622,787
1688785516609,787
1688785540607,63
1688785544354,25
1688785546198,56
1688785548827,146
1688785940403,771
1688786089707,442
1688786091104,442
1688786341591,187
1688786747199,257
1688786849679,102
1688788306717,25
1688789311614,422
1688789345758,75
1688789352519,770
1688789360190,65
1688789362119,2
1688789363707,1
1688789365261,9
1688789367197,29
1688789370179,11
1688789396509,798
1688789743197,168
1688790203844,120
1688790210322,10
1688790212293,10
1688790213350,10
1688790214991,74
1688790216340,44
1688790378606,482
1688790393791,175
1688790422789,59
1688790631828,770
1688790648132,770
1688790670693,770
1688790689906,798
1688790733464,445
1688791033275,1
1688791402910,1000
1688791408289,1000
1688791412487,1000
1688791416027,346
1688791435999,3
1688791444372,92
1688791449726,100
1688791450665,100
1688791468214,100
1688791473994,197
1688791475095,100
1688791484445,100
1688791486498,100
1688791488402,100
1688791491494,51
1688791568409,194
1688791635773,198
1688791639362,34
1688792065514,244
1688792070698,82
1688792239208,230
1688792289505,256
1688792333607,230
1688792443386,11
1688792450076,100
1688792451398,100
1688792452794,100
1688792454201,99
1688792457414,336
1688792559245,552
1688792591431,536
1688792633533,534
1688793102645,624
1688793485884,429
1688793605281,429
1688793667591,17
1688793683194,251
1688793707491,19
1688793727986,26
1688793734020,7
1688793742877,8
1688793744792,17
1688793747296,14
1688793748699,1
1688793750073,3
1688793751790,62
1688793753815,12
1688793755607,22
1688793759098,77
1688793761808,59
1688793765409,1000
1688793772638,1000
1688793780231,1000
1688793786513,1000
1688793792820,1000
1688793799412,1000
1688793806088,1000
1688793812904,1000
1688793819947,509
1688793994212,519
1688794010838,622
1688794170312,622
1688794180843,927
1688794214224,429
1688794227523,622
1688794320816,228
1688794615302,228
1688794631305,228
1688794641487,14
1688794642279,12
1688794644202,22
1688794645803,380
1688795110125,511
1688795123097,2
1688795126489,16
1688795127399,98
1688795130229,878
1688795256017,511
1688795895346,76
1688795918114,76
1688796144690,810
1688796475989,133
1688797399187,1000
1688797400806,598
1688797634189,393
1688797748018,5
1688797960511,245
1688797979028,393
1688797997599,869
1688798026614,1000
1688798027874,68
1688798223091,869
1688798234809,1000
1688798236306,625
1688798306817,1000
1688798308808,625
1688798441039,1000
1688798443899,1000
1688798447592,1000
1688798451611,1000
1688798455184,235
1688798455788,1000
1688798461896,1000
1688798463675,625
1688798496217,1000
1688798497492,533
1688798805798,102
1688798905717,1000
1688798906905,250
1688798914526,58
1688798955970,2
1688800172220,944
1688800197622,489
1688800204289,723
1688800356418,270
1688800577417,551
1688800676602,201
1688800895506,882
1688800965306,482
1688800999501,1000
1688801001202,364
1688801006230,9
1688801147540,482
1688801271591,161
1688801416368,551
1688801504575,67
1688801643010,104
1688801647151,44
1688801664292,68
1688801676293,882
1688801691015,100
1688801691368,19
1688801695409,1000
1688801697814,918
1688801701448,36
1688801795100,1000
1688801808289,607
1688801847690,1000
1688801850899,212
1688801854481,33
1688801856843,287
1688801951220,482
1688802223220,153
1688802236110,43
1688802378003,599
1688802541515,882
1688802548490,36
1688802550626,100
1688802550960,19
1688802861019,622
1688802907729,599
1688802953229,4
1688802960995,109
1688802962999,59
1688804913721,882
1688804926665,36
1688804961504,1000
1688804963718,635
1688804987587,1000
1688804989995,1000
1688804992710,1000
1688804994627,683
1688805023891,78
1688805114636,1000
1688805118925,1000
1688805123105,1000
1688805126616,347
1688805137218,337
1688805147967,11
1688805197999,1000
1688805201899,1000
1688805205427,883
1688805466254,3
1688805469961,74
1688805658889,944
1688805920720,591
1688805983698,1000
1688805986497,1000
1688805989599,883
1688806002293,75
1688806004154,13
1688806007212,46
1688806008795,100
1688806009608,100
1688806010265,17
1688806010520,17
1688806013315,100
1688806013989,100
1688806014716,100
1688806015473,68
1688806019672,14
1688806022053,6
1688806023484,55
1688806050821,591
1688806172613,1000
1688806174888,999
1688806177507,1000
1688806180325,1000
1688806183193,993
1688806201858,55
1688806212711,513
1688806214857,220
1688806606210,240
1688806614165,6
1688806616194,449
1688806618327,100
1688806618695,25
1688806620248,91
1688806632385,25
1688806633802,39
1688806635050,11
1688806642003,413
1688806671736,413
1688806700027,97
1688806703985,11
1688806705307,76
1688806717017,818
1688807344417,740
1688808149211,178
1688808210330,532
1688808291099,166
1688808324668,9
1688808325858,2
1688808326806,29
1688808327790,71
1688808328604,3
1688808407726,178
1688808414760,9
1688808415965,2
1688808416774,29
1688808418311,71
1688808419623,3
1688808420905,166
1688808790220,1000
1688808792439,999
1688808794325,577
1688809015326,1000
1688809018119,703
1688809019992,1000
1688809024801,263
1688809054210,506
1688809069867,18
1688809072189,18
1688809148906,198
1688809173909,334
1688809418897,669
1688809549579,513
1688809568225,513
1688809583099,713
1688809617105,513
1688809625924,100
1688809626826,100
1688809627387,2
1688809750399,52
1688809778233,652
1688810183721,349
1688810192866,277
1688811348523,316
1688811380540,33
1688811384376,100
1688811385180,79
1688811386615,471
1688811607344,316
1688811615954,33
1688811621474,100
1688811622205,79
1688811624713,471
1688812619992,1000
1688812623142,1000
1688812625515,482
1688812678300,1000
1688812680502,260
1688812682653,1000
1688812683210,94
1688812685017,482
1688812699937,33
1688812765203,263
1688813064130,404
1688813082953,404
1688813088596,44
1688813518415,339
1688814150823,1000
1688814152902,946
1688814179388,21
1688814182142,4
1688814183037,5
1688814184649,1000
1688814187244,1000
1688814189352,1000
1688814191908,1000
1688814194362,1000
1688814197012,1000
1688814200025,1000
1688814202903,1000
1688814204841,97
1688814973123,294
1688815046801,1000
1688815048492,294
1688816066321,524
1688816126112,891
1688816126990,181
1688816147310,218
1688816257799,218
1688816264438,50
1688816766506,140
1688816797650,140
1688816854873,20
1688817034209,545
1688817743086,43
1688817753899,660
1688818467494,188
1688818774785,1000
1688818776630,719
1688818791811,641
1688819449687,65
1688820092225,11
1688820205708,316
1688820306046,316
1688820433137,445
1688820509903,525
1688820756112,55
1688820757384,71
1688820758891,91
1688820759971,65
1688820760948,12
1688820762692,29
1688820777211,220
1688820817894,11
1688820830761,220
1688820871889,257
1688820879188,257
1688820938103,220
1688820940614,31
1688820982007,257
1688820991292,84
1688821112206,1000
1688821114337,864
1688821160569,11
1688821206997,43
1688821216886,1000
1688821219606,864
1688821243687,1000
1688821246819,864
1688821254246,1000
1688821256751,1000
1688821259213,1000
1688821260987,96
1688821281869,158
1688821318409,158
1688821337602,158
1688821794904,795
1688821843499,27
1688821857694,113
1688821946516,118
1688821947727,44
1688821954179,6
1688821963650,8
1688821966188,10
1688821972603,99
1688822086229,795
1688822624117,765
1688822684013,765
1688822693571,100
1688822694263,100
1688822694680,5
1688822762508,83
1688822766299,100
1688822766963,100
1688822767692,90
1688822781123,356
1688822787308,118
1688822799090,6
1688822802232,40
1688822813061,28
1688822815290,100
1688822815343,1
1688822815725,100
1688822816292,100
1688822816775,100
1688822817324,100
1688822817698,51
1688822847473,312
1688822860593,994
1688822875390,100
1688822876097,100
1688822876695,100
1688822876956,100
1688822877225,100
1688822877542,68
1688822877836,100
1688822878387,100
1688822878400,43
1688822878890,100
1688822878938,100
1688822879491,100
1688822879550,100
1688822879608,100
1688822880011,100
1688822880024,100
1688822880185,100
1688822880230,100
1688822880574,100
1688822880789,100
1688822880796,100
1688822880825,100
1688822880858,100
1688822881197,100
1688822881320,100
1688822881354,100
1688822881544,100
1688822881558,100
1688822881699,100
1688822881849,100
1688822881991,11
1688822881995,100
1688822881998,100
1688822882510,100
1688822882540,100
1688822882560,77
1688822882611,79
1688822882806,99
1688822882826,100
1688822883120,100
1688822883217,100
1688822883305,100
1688822883592,100
1688822885461,13
1688822886107,100
1688822886451,32
1688822887628,61
1688822888093,59
1688822888460,100
1688822888810,100
1688822889352,95
1688822889658,100
1688822889721,83
1688822890308,43
1688822890402,100
1688822890850,100
1688822891248,5
1688822891251,100
1688822891401,67
1688822891995,41
1688822892002,34
1688822892490,100
1688822892837,84
1688822892922,12
1688822893487,100
1688822893953,100
1688822894022,100
1688822894597,75
1688822894607,100
1688822894636,100
1688822895009,100
1688822895186,9
1688822895328,71
1688822895591,6
1688822895603,100
1688822895886,19
1688822896397,95
1688822896407,100
1688822896898,100
1688822897316,100
1688822897352,100
1688822897744,100
1688822897916,9
1688822898316,100
1688822898365,38
1688822898600,99
1688822899164,100
1688822899498,99
1688822899881,100
1688822900692,100
1688822901307,100
1688822901959,89
1688822967155,765
1688822972796,100
1688822973337,100
1688822973621,100
1688822973644,5
1688822973902,100
1688822974145,100
1688822974364,100
1688822974485,100
1688822974648,90
1688822974669,100
1688822974969,68
1688822975021,100
1688822975037,100
1688822975174,100
1688822975322,100
1688822975540,100
1688822975638,100
1688822975690,100
1688822975768,100
1688822975892,100
1688822976064,100
1688822976203,100
1688822976309,100
1688822976395,100
1688822976401,100
1688822976507,100
1688822976679,100
1688822976926,100
1688822976984,100
1688822977008,100
1688822977017,100
1688822977127,43
1688822977178,77
1688822977297,100
1688822977440,100
1688822977580,100
1688822977638,99
1688822977685,100
1688822977872,100
1688822977999,100
1688822978046,79
1688822978076,100
1688822978257,39
1688822978475,100
1688822978573,11
1688822978675,100
1688822980563,100
1688822981000,100
1688822981563,100
1688822981594,100
1688822982105,100
1688822982186,100
1688822982239,44
1688822982632,100
1688822982790,100
1688822983089,60
1688822983110,100
1688822983172,51
1688822983708,13
1688822983798,100
1688822984425,100
1688822984555,100
1688822985119,100
1688822985220,100
1688822985255,32
1688822985823,100
1688822985900,69
1688822985978,27
1688822986438,100
1688822986768,61
1688822987099,100
1688822987620,59
1688822987683,100
1688822988101,100
1688822988274,100
1688822988576,6
1688822988992,100
1688822989581,100
1688822990216,100
1688822990538,100
1688822990800,100
1688822991175,100
1688822991505,999
1688822991593,100
1688822991971,100
1688822992346,100
1688822992602,100
1688822992695,129
1688822992781,95
1688822992947,100
1688822993184,41
1688822993777,100
1688822994520,100
1688822994798,83
1688822995096,46
1688822995732,43
1688822996844,100
1688822997411,67
1688822997554,5
1688822998598,34
1688822999705,100
1688823000175,12
1688823001289,84
1688823002006,100
1688823002622,100
1688823002877,100
1688823003226,100
1688823003595,100
1688823003785,9
1688823004298,71
1688823004445,75
1688823108302,158
1688823326829,99
1688823598219,480
1688823622994,257
1688823630873,3
1688823632073,7
1688823634009,13
1688823634649,2
1688823635150,3
1688823635739,2
1688823635968,13
1688823636091,4
1688823636489,10
1688823636682,4
1688823636924,7
1688823637291,15
1688823637429,3
1688823637791,16
1688823637913,4
1688823638061,4
1688823638389,10
1688823638605,8
1688823638675,9
1688823638811,6
1688823639010,2
1688823639304,22
1688823639459,5
1688823639537,2
1688823639718,2
1688823639993,12
1688823640465,6
1688823640559,2
1688823640692,4
1688823640943,5
1688823641397,3
1688823641730,5
1688823642087,15
1688823642350,39
1688823642928,21
1688823643848,7
1688823644278,11
1688823644781,16
1688823645132,7
1688823645586,11
1688823646487,29
1688823646749,5
1688823647290,8
1688823647753,15
1688823648644,49
1688823649690,61
1688823672712,1000
1688823674514,894
1688823681419,1000
1688823682687,377
1688823763697,999
1688823765599,491
1688823795097,999
1688823797807,491
1688824971271,928
1688824988394,20
1688825351818,979
1688825363197,100
1688825363703,78
1688825368429,100
1688825368642,4
1688825410849,100
1688825411419,100
1688825412103,100
1688825412517,100
1688825412568,50
1688825413089,100
1688825413687,100
1688825414288,100
1688825414798,97
1688826271406,1000
1688826272491,220
1688826541025,1000
1688826543598,1000
1688826544600,82
1688826546124,1000
1688826547620,1000
1688826549323,1000
1688826550607,443
1688826890014,1000
1688826891159,217
1688826995260,816
1688827368636,1000
1688827372318,765
1688827415234,37
1688827425309,100
1688827425926,10
1688827580609,99
1688827737102,317
1688827741112,220
1688827758518,1000
1688827763797,1000
1688827766287,1000
1688827768953,915
1688827788209,317
1688827792205,999
1688827794396,337
1688827796511,317
1688827804911,135
1688827841018,999
1688827843132,337
1688827857187,1
1688827868175,7
1688827924427,408
1688827932848,249
1688827989329,1000
1688827991412,496
1688828026303,1000
1688828029650,756
1688828037287,1000
1688828039724,595
1688828069135,2
1688828069335,408
1688828096229,767
1688828103690,100
1688828104463,100
1688828105075,54
1688828110646,408
1688828123730,408
1688828391028,799
1688828457975,424
1688828578597,1000
1688828581943,765
1688828638322,1000
1688828642285,765
1688828648405,25
1688828653396,100
1688828653859,10
1688828661794,37
1688828698317,424
1688828711288,51
1688828822495,100
1688829118742,454
1688829299694,8
1688829306117,382
1688829315591,61
1688829329743,56
1688829393989,7
1688829396510,345
1688829482290,822
1688829503804,497
1688829513192,111
1688829527096,1000
1688829528896,274
1688829541415,1000
1688829543310,599
1688829553798,151
1688829565313,822
1688829566104,1000
1688829567467,195
1688829568486,1000
1688829571743,765
1688829672606,822
1688829699538,116
1688829707304,249
1688829714014,532
1688829830243,49
1688829837421,199
1688829862191,116
1688830174459,671
1688830324907,220
1688830353088,925
1688830528208,671
1688830538020,1000
1688830539908,359
1688830653942,220
1688830699113,496
1688830895135,496
1688830989642,496
1688831008987,39
1688831012699,100
1688831013366,74
1688831195137,496
1688831207912,496
1688831215346,70
1688831222388,39
1688831228200,493
1688831248295,100
1688831248897,74
1688831250389,38
1688831266077,496
1688831357131,335
1688831376892,84
1688831453017,496
1688831465010,496
1688831473984,70
1688831475595,38
1688831476974,39
1688831478470,100
1688831479202,74
1688831480928,493
1688831529096,217
1688831749798,878
1688831773811,496
1688832304788,409
1688832893228,496
1688832954135,708
1688833254322,1000
1688833256297,17
1688833287830,1000
1688833290467,766
1688833293027,1000
1688833296315,766
1688833870930,1000
1688833873355,999
1688833875940,1000
1688833878343,884
1688833899336,1000
1688833901454,1000
1688833902931,744
1688834301940,770
1688835395575,549
1688835414644,1000
1688835416561,544
1688835431767,1000
1688835433948,1000
1688835436281,1000
1688835438476,1000
1688835440698,1000
1688835442952,1000
1688835445719,1000
1688835447996,1000
1688835450446,1000
1688835453225,1000
1688835455039,311
1688835531920,1000
1688835533554,544
1688835597116,1000
1688835599014,544
1688835624448,1000
1688835626180,544
1688835769825,264
1688836161569,640
1688836212338,193
1688836221216,55
1688836226726,345
1688836391839,197
1688836740231,21
1688837053515,111
1688837623683,182
1688837725757,999
1688837728120,984
1688837767141,100
1688837767915,100
1688837768570,100
1688837769379,100
1688837769727,100
1688837770199,100
1688837770203,100
1688837770524,100
1688837770892,100
1688837770942,100
1688837771240,100
1688837771622,100
1688837771668,100
1688837771963,100
1688837772413,100
1688837772471,100
1688837772883,100
1688837773241,100
1688837773267,100
1688837773676,100
1688837774019,100
1688837774112,100
1688837774467,100
1688837774837,100
1688837774952,100
1688837775353,100
1688837775751,100
1688837775773,100
1688837776208,100
1688837776483,100
1688837776641,100
1688837776695,4
1688837777182,100
1688837777533,100
1688837777956,100
1688837778333,100
1688837778719,100
1688837779178,100
1688837779570,100
1688837779957,100
1688837780404,100
1688837780826,100
1688837781237,100
1688837781650,100
1688837782050,100
1688837782467,100
1688837782868,100
1688837793920,999
1688837796233,984
1688837797742,440
1688837800132,744
1688837958833,406
1688838161044,440
1688838205723,43
1688838218606,1
1688838777134,487
1688839333054,302
1688839708278,82
1688839774457,793
1688839799715,487
1688839803630,666
1688839938652,433
1688840058733,230
1688840085730,1000
1688840088642,598
1688840101961,68
1688840104838,42
1688840126957,1000
1688840128218,317
1688840346657,178
1688840367534,178
1688840567726,1000
1688840569718,352
1688840685920,1000
1688840688037,23
1688840698477,93
1688840708100,302
1688841442374,440
1688842108913,119
1688842112985,46
1688842239241,325
1688842305137,999
1688842308520,671
1688842312461,999
1688842315852,671
1688842380355,38
1688842392120,55
1688842641962,1000
1688842644257,1000
1688842645517,28
1688843046639,1000
1688843047927,59
1688843094242,102
1688843119016,46
1688843124963,1000
1688843127090,9
1688843199831,1000
1688843202038,390
1688843368830,1000
1688843369725,30
1688843583595,391
1688843622519,42
1688843676827,126
1688843812127,126
1688843877615,36
1688843877936,1000
1688843878311,11
1688843879708,30
1688843881268,2
1688843881293,4
1688843881302,14
1688843881608,18
1688843881710,14
1688843881940,25
1688843884916,86
1688843886889,20
1688843888115,44
1688843889233,30
1688843891316,83
1688843892610,13
1688843893889,38
1688843895811,22
1688843906611,44
1688843916627,126
1688844435985,325
1688844438264,325
1688844462022,119
1688844894941,231
1688844981231,757
1688845026115,51
1688845042432,494
1688845059479,674
1688845702246,67
1688846009548,1000
1688846012630,1000
1688846015729,999
1688846018877,999
1688846021987,1000
1688846025476,1000
1688846029162,1000
1688846032621,1000
1688846035320,110
1688846035646,288
1688846061970,1
1688846062964,2
1688846066002,8
1688846078034,1000
1688846080513,1000
1688846082712,1000
1688846084570,1000
1688846086362,1000
1688846088043,1000
1688846090060,1000
1688846092065,536
1688848000550,1000
1688848004135,1000
1688848006957,693
1688848906415,54
1688849243355,27
1688849514953,999
1688849516098,128
1688849531520,108
1688849592429,244
1688849651746,494
1688849760564,494
1688849871418,244
1688850219061,966
1688850230556,325
1688850277026,328
1688850277129,966
1688850279077,328
1688850294819,178
1688850296818,352
1688850381553,731
1688850594836,229
1688850769865,244
1688851290965,325
1688851337122,740
1688851337867,119
1688851375033,46
1688851499820,119
1688851508818,325
1688851930429,57
1688851962234,678
1688852007756,176
1688852179622,155
1688852244329,773
1688852267661,411
1688852427632,411
1688852454136,743
1688852478739,5
1688852872115,334
1688852973538,334
1688852985784,849
1688853224516,184
1688853252042,342
1688853435738,1000
1688853436715,97
1688853452918,1000
1688853453967,28
1688853458414,138
1688853461594,21
1688853465105,67
1688853467530,56
1688853470014,34
1688853473115,58
1688853479344,82
1688853481416,22
1688853484118,81
1688853486509,50
1688853489035,22
1688853491472,71
1688853497420,100
1688853497881,8
1688853503985,100
1688853504457,28
1688853507128,100
1688853507566,7
1688853510513,61
1688853513622,74
1688853516177,64
1688853518684,81
1688853809080,41
1688853876355,1000
1688854346764,1000
1688854349538,1000
1688854352169,698
1688854945533,1000
1688854948042,1000
1688854950621,1000
1688854953347,1000
1688854954935,281
1688855057318,1000
1688855059645,1000
1688855062155,1000
1688855064950,1000
1688855066750,281
1688855309986,224
1688855333350,36
1688855339470,22
1688855341775,48
1688855676535,1000
1688855682014,97
1688856185343,244
1688856279120,375
1688856638348,328
1688856744244,375
1688858976821,1000
1688858977751,56
1688859636723,1000
1688859638942,56
1688860787926,234
1688860965452,203
1688861016291,328
1688861068533,1000
1688861069152,259
1688861071419,999
1688861073113,57
1688861135823,204
1688862326421,1000
1688862329347,1000
1688862332617,1000
1688862335456,600
1688862336742,1000
1688862339414,861
1688862382211,1000
1688862384649,1000
1688862387117,1000
1688862390213,1000
1688862393433,1000
1688862396055,1000
1688862398942,1000
1688862400552,272
1688862418234,600
1688862425027,1000
1688862428024,1000
1688862430962,1000
1688862434115,1000
1688862437135,861
1688862439534,600
1688862497781,1000
1688862500197,1000
1688862502849,1000
1688862505352,1000
1688862508135,1000
1688862510726,1000
1688862513161,1000
1688862553506,1000
1688862557117,1000
1688862561761,1000
1688862568059,1000
1688862573766,1000
1688862673496,5
1688862705049,100
1688862705752,2
1688862719339,1000
1688862722738,1000
1688862724314,76
1688862767928,183
1688862990521,162
1688863025698,9
1688863048722,162
1688863188517,1000
1688863189845,299
1688864115140,1000
1688864116725,332
1688864677731,215
1688866075539,658
1688866092850,520
1688866458833,1000
1688866460747,1000
1688866463440,1000
1688866465940,1000
1688866468730,1000
1688866470361,271
1688866491625,100
1688866492335,100
1688866492886,100
1688866493247,77
1688866493471,100
1688866493791,100
1688866494021,100
1688866494255,100
1688866494445,100
1688866494537,100
1688866494669,100
1688866494807,100
1688866494983,64
1688866495082,100
1688866495280,100
1688866495392,72
1688866495601,100
1688866495814,48
1688866495848,100
1688866496073,28
1688866496519,100
1688866496914,90
1688866497216,100
1688866497621,60
1688866497919,100
1688866498053,99
1688866498548,100
1688866499219,24
1688866499281,100
1688866500015,100
1688866500628,100
1688866500872,100
1688866501246,100
1688866501596,100
1688866501965,100
1688866502232,100
1688866502616,100
1688866502812,100
1688866503015,1000
1688866503256,100
1688866503482,78
1688866504821,100
1688866505428,100
1688866505564,1000
1688866506120,100
1688866507364,100
1688866507979,100
1688866508342,1000
1688866508557,100
1688866510231,100
1688866510885,100
1688866511045,1000
1688866511613,100
1688866513224,100
1688866513813,100
1688866513911,1000
1688866514398,100
1688866515717,100
1688866516440,1000
1688866516533,100
1688866518370,100
1688866519003,100
1688866519256,1000
1688866519684,100
1688866521226,100
1688866521858,1000
1688866521938,100
1688866523930,100
1688866524631,100
1688866524833,1000
1688866525421,100
1688866527923,87
1688866528410,1000
1688866531128,1000
1688866534278,1000
1688866537452,1000
1688866540846,1000
1688866544223,1000
1688866575913,1000
1688866577613,1000
1688866579910,1000
1688866582017,1000
1688866584430,1000
1688866586844,1000
1688866589432,1000
1688866591028,271
1688866922814,539
1688867246051,600
1688867295080,600
1688867351691,600
1688868689039,227
1688868906896,34
1688868938442,316
1688868944138,227
1688868991829,227
1688869556331,1000
1688869557299,1
1688869602429,1000
1688869604478,1000
1688869604849,1000
1688869605731,93
1688869605859,1
1688869641168,100
1688869641683,100
1688869642198,100
1688869642261,59
1688869642713,100
1688869643213,100
1688869643236,100
1688869643832,100
1688869643839,100
1688869644173,5
1688869644435,100
1688869644582,100
1688869645017,70
1688869645025,100
1688869645580,100
1688869646277,100
1688869646947,100
1688869647797,100
1688869648525,88
1688871154031,64
1688871161546,220
1688871172426,220
1688871185611,85
1688871194226,100
1688871196030,100
1688871198217,84
1688871215331,100
1688871217114,100
1688871218705,16
1688871231119,100
1688871233714,100
1688871235623,100
1688871238097,6
1688871255812,55
1688871261819,100
1688871263516,99
1688871277157,1000
1688871283844,1000
1688871292340,1000
1688871293059,56
1688871300166,1000
1688871308085,1000
1688871314827,1000
1688871322526,78
1688871323339,1000
1688871330930,1000
1688871335274,26
1688871338644,856
1688871346074,47
1688872466242,1000
1688872473834,464
1688872557437,1000
1688872567132,464
1688872728321,220
1688873690726,1000
1688873691930,98
1688874334824,148
1688874353361,59
1688874568353,688
1688874671112,1000
1688874869344,355
1688876241025,915
1688876269926,915
1688876357440,915
1688876610612,839
1688876636160,1000
1688876637618,41
1688876654513,20
1688876661630,27
1688876663006,10
1688876665312,51
1688876667947,90
1688876670398,76
1688876672670,42
1688876744427,421
1688876754585,8
1688876754955,4
1688876755516,42
1688876755761,37
1688876755993,11
1688876756618,66
1688876757114,100
1688876757654,3
1688877838721,104
1688877877201,104
1688877889043,450
1688878933500,526
1688881352267,249
1688881383376,1000
1688881396227,1000
1688881398743,987
1688881399822,987
1688881546932,999
1688881549024,984
1688881551421,100
1688881552230,100
1688881552927,100
1688881553621,100
1688881554314,100
1688881555018,100
1688881555677,100
1688881556434,100
1688881557222,100
1688881557924,100
1688881558603,100
1688881559285,100
1688881560156,100
1688881560928,100
1688881562035,100
1688881562724,100
1688881591426,100
1688881592135,100
1688881593042,100
1688881593817,100
1688881594621,100
1688881595425,100
1688881596224,100
1688881597119,100
1688881598024,100
1688881598835,100
1688881599837,100
1688881600842,100
1688881601720,100
1688881602825,35
1688881645950,451
1688881677049,352
1688881710964,744
1688882304919,189
1688882428437,269
1688882451826,172
1688882496999,381
1688882509418,235
1688883393532,235
1688883405399,65
1688883473151,786
1688883487813,100
1688883488413,100
1688883488773,13
1688883491616,100
1688883492413,100
1688883493098,100
1688883493721,100
1688883493761,40
1688883494423,100
1688883495199,100
1688883495518,46
1688883496014,100
1688883496650,100
1688883497181,31
1688883498010,352
1688883557549,786
1688883562137,2
1688884208723,205
1688884216012,41
1688886001319,1000
1688886003242,688
1688886109220,1000
1688886111333,688
1688886205556,1000
1688886207330,688
1688887213141,1000
1688887215368,1000
1688887216794,52
1688887218514,1000
1688887218646,596
1688887221522,999
1688887223428,192
1688887921150,799
1688889186132,180
1688889224450,57
1688889240191,364
1688889350688,180
1688889365621,57
1688889823733,364
1688889861018,36
1688889867118,16
1688889870111,34
1688890054117,829
1688891249427,1000
1688891251701,743
1688891605738,285
1688894605718,353
1688894625012,24
1688894732854,232
1688894807343,232
1688894816633,232
1688894825458,41
1688898070527,461
1688898510639,155
1688899341213,143
1688899533166,31
1688899612167,31
1688899761153,920
1688900394538,440
1688900693829,353
1688901199042,1000
1688901201127,643
1688901397836,1000
1688901399811,643
1688901454563,767
1688901469420,87
1688901475212,100
1688901476009,74
1688901483759,38
1688901487020,99
1688901489928,44
1688901902109,31
1688902135438,671
1688902569020,182
1688902591796,7
1688902594446,6
1688902609147,1000
1688902610635,1000
1688902611277,16
1688902652765,22
1688902656475,11
1688902658315,33
1688902659100,12
1688902660652,41
1688902662425,16
1688902663983,2
1688902665278,12
1688902666422,15
1688902667835,21
1688902670308,27
1688902671712,100
1688902672332,100
1688902673027,100
1688902673525,13
1688903134232,295
1688903158119,66
1688903695135,478
1688903823328,267
1688904946830,1000
1688904949421,751
1688906919198,105
1688907079409,76
1688907099949,1
1688907216263,1000
1688907219182,1000
1688907222244,1000
1688907225726,1000
1688907228019,100
1688907228562,415
1688907228876,100
1688907229981,31
1688907286951,1000
1688907289227,370
1688907530961,1000
1688907533441,1000
1688907535520,1000
1688907536838,110
1688907678473,52
1688907850216,119
1688907868319,22
1688908147915,76
1688908454012,981
1688908856725,224
1688908900446,355
1688909134334,1000
1688909135639,350
1688909151690,36
1688909495826,190
1688909499718,18
1688909500703,19
1688909501332,100
1688909501896,7
1688909502428,181
1688910028225,1000
1688910029933,591
1688910188382,1000
1688910190296,684
1688910305540,1000
1688910307559,684
1688910459749,401
1688910603354,401
1688910613636,401
1688910621067,878
1688910725978,1000
1688910727229,132
1688910763918,1000
1688910771334,591
1688910854424,1000
1688910858655,591
1688910860022,1000
1688910863436,591
1688911357243,908
1688911373668,4
1688911379640,100
1688911379999,11
1688911383347,30
1688911385918,100
1688911386534,100
1688911387244,72
1688911395407,65
1688911397822,100
1688911398519,100
1688911399054,100
1688911399361,11
1688911401225,27
1688911403049,100
1688911403714,100
1688911404318,100
1688911404916,100
1688911405499,100
1688911406221,100
1688911406830,100
1688911407413,46
1688911409834,10
1688911412982,65
1688911415916,13
1688911418216,100
1688911418828,100
1688911419423,100
1688911419914,19
1688911423274,89
1688911428061,99
1688911428613,100
1688911429114,100
1688911429410,2
1688911434916,81
1688911437318,47
1688911441824,61
1688911444504,73
1688911446258,30
1688911448208,30
1688911450427,65
1688911452516,100
1688911453112,85
1688911455511,22
1688911459549,49
1688911462024,58
1688911464039,15
1688911466112,41
1688911468618,83
1688911608271,15
1688911616026,43
1688911618444,100
1688911619219,100
1688911619835,100
1688911620010,31
1688911620529,100
1688911621216,100
1688911621907,100
1688911622557,100
1688911623243,100
1688911624090,100
1688911624939,100
1688911625518,32
1688911627998,26
1688911629982,30
1688911632442,37
1688911634914,26
1688911637620,45
1688911640525,33
1688911641964,37
1688911644177,48
1688911645872,19
1688911647411,20
1688911650222,100
1688911650884,100
1688911651463,51
1688911653621,31
1688911655518,37
1688911657556,28
1688911658929,22
1688911660992,100
1688911661614,94
1688911665148,48
1688912145331,1000
1688912147152,513
1688912153916,4
1688912155966,66
1688912159913,65
1688912161216,58
1688912162515,61
1688912163565,81
1688912164125,83
1688912165411,100
1688912165989,85
1688912168055,73
1688912169815,22
1688912170478,15
1688912171282,47
1688912172076,49
1688912173068,30
1688912174118,56
1688912174613,30
1688912175316,99
1688912175811,100
1688912176415,100
1688912176639,2
1688912178731,41
1688912221311,66
1688912279753,500
1688912325415,1000
1688912327328,526
1688912405914,16
1688912432522,177
1688912459566,15
1688912626824,251
1688912632019,4
1688912633503,8
1688912634039,12
1688912634335,15
1688912634733,13
1688912635711,23
1688912636451,35
1688912636654,18
1688912637313,68
1688912638227,100
1688912638832,94
1688912640184,30
1688912642281,37
1688912643323,100
1688912643760,31
1688912643892,100
1688912644445,100
1688912644739,26
1688912645035,100
1688912645598,100
1688912645875,43
1688912646236,100
1688912646617,26
1688912646751,100
1688912647374,100
1688912648120,100
1688912648750,100
1688912649415,32
1688912696935,288
1688912700643,481
1688912703416,100
1688912704055,100
1688912704612,54
1688912772650,6
1688912773908,4
1688913509830,288
1688913774391,288
1688914113134,118
1688914460281,43
1688914691637,169
1688914700356,1
1688914701616,36
1688914715573,169
1688914717836,1
1688914719417,36
1688914721724,169
1688914723338,36
1688914725117,169
1688914752345,169
1688914756244,36
1688914758128,1
1688915123721,1000
1688915125434,485
1688915144338,666
1688915150504,84
1688915223454,395
1688915225817,143
1688915255908,29
1688915260393,4
1688915261279,9
1688915261833,30
1688915262337,7
1688915263045,17
1688915263638,3
1688915264825,27
1688915267853,25
1688915271417,93
1688915272015,100
1688915272420,27
1688915343032,118
1688915509575,457
1688915526931,205
1688915928249,1000
1688915930849,1000
1688915932732,412
1688916055858,1000
1688916058225,1000
1688916060159,412
1688916892753,1000
1688916894429,271
1688918227245,383
1688918316436,461
1688918328935,610
1688918432518,610
1688918435853,96
1688918481941,461
1688918646035,981
1688918905511,1000
1688918908117,1000
1688918910130,698
1688919478049,802
1688919504587,1000
1688919508061,467
1688919813895,1000
1688919815800,437
1688921153800,348
1688921448004,152
1688921502198,295
1688921610003,295
1688921668854,6
1688922232495,1000
1688922234111,487
1688922248622,909
1688922249402,849
1688922258106,1000
1688922261389,959
1688922296314,1000
1688922298308,487
1688922307505,849
1688922712326,496
1688923962650,311
1688924001627,311
1688924024798,311
1688924035680,311
1688924043792,100
1688924044487,14
1688924048198,100
1688924048845,68
1688924049284,100
1688924049790,13
1688924055885,19
1688924057892,48
1688924498316,1000
1688924501188,1000
1688924504022,999
1688924506290,228
1688925160823,333
1688925213594,174
1688925214886,50
1688925363959,568
1688925722312,568
1688925781361,657
1688925839933,637
1688927939798,299
1688927952591,23
1688928016204,661
1688928501760,269
1688929006617,333
1688929245698,256
1688929256104,256
1688929949016,875
1688929995762,256
1688930000822,256
1688930123702,251
1688930126596,387
1688930140083,7
1688930204128,256
1688930221028,387
1688930326712,487
1688930333652,5
1688930339184,2
1688930343151,7
1688930350875,26
1688930353517,4
1688930364090,15
1688930373261,12
1688930376179,10
1688930377930,12
1688930379230,6
1688930381864,11
1688930388076,12
1688930390777,7
1688930398459,19
1688930463171,487
1688930467314,487
1688930472490,1000
1688930474507,605
1688930712521,651
1688930950195,29
1688931002702,298
1688931016486,29
1688932427626,526
1688932483249,19
1688933075993,256
1688933340799,980
1688933362115,174
1688935717808,155
1688936056503,129
1688936063106,19
1688936266651,61
1688936347211,495
1688936408301,766
1688936421648,125
1688936437093,61
1688936449455,78
1688936618329,61
1688936639513,787
1688936758618,208
1688936807603,1000
1688936811591,1000
1688936814950,666
1688936842490,208
1688936848686,181
1688937088406,73
1688937161174,73
1688937168626,33
1688938092796,208
1688938324456,208
1688938334194,181
1688938878499,194
1688939028993,194
1688939878891,999
1688939881328,1000
1688939884220,1000
1688939886926,940
1688939894019,999
1688939896632,1000
1688939899119,1000
1688939901921,940
1688939919936,30
1688939921812,100
1688939922690,100
1688939922709,74
1688939923318,100
1688939924102,100
1688939924363,1000
1688939924899,96
1688939926878,1000
1688939929309,1000
1688940031894,1000
1688940034988,1000
1688940094108,1000
1688940098670,183
1688940146002,506
1688940796828,365
1688941008025,365
1688941015374,1
1688941459106,802
1688941468642,1000
1688941472143,468
1688941494362,7
1688941496014,3
1688941497789,1
1688941498578,7
1688941499767,21
1688941500284,4
1688941500988,12
1688941501964,90
1688941502935,15
1688941503787,32
1688941505027,17
1688941981505,1000
1688941983612,388
1688942048055,795
1688942444010,1000
1688942444995,177
1688942484835,2
1688942488604,29
1688942489090,4
1688942495708,690
1688942531990,160
1688942604220,795
1688944037599,1000
1688944040092,1000
1688944041021,111
1688944316331,218
1688944723803,218
1688944729752,50
1688945267394,204
1688945287791,33
1688945362562,101
1688945393918,1000
1688945396504,1000
1688945398824,388
1688945450361,101
1688945455644,16
1688945546886,1000
1688945550596,1000
1688945554894,1000
1688945558805,182
1688946073627,218
1688946085313,50
1688946683974,795
1688947217629,232
1688947394792,552
1688947479495,232
1688947527705,461
1688947535607,552
1688947674193,165
1688947685810,552
1688947705903,1000
1688947709021,388
1688947738092,109
1688948163793,109
1688948182122,49
1688948406309,928
1688948407606,508
1688948836395,205
1688949540407,167
1688949556077,8
1688951532311,1000
1688951538026,713
1688951568335,469
1688951587488,219
1688951603693,996
1688951622126,929
1688951628704,53
1688951629887,58
1688951631466,37
1688952508146,389
1688952542525,598
1688952551060,2
1688953610027,772
1688953701228,798
1688955826508,1000
1688955828922,340
1688955843092,100
1688955843889,54
1688955845002,94
1688955845361,21
1688955846320,100
1688955846766,100
1688955847016,33
1688955847835,66
1688955848197,100
1688955848705,56
1688955849350,100
1688955849509,100
1688955850093,65
1688955850144,100
1688955850530,100
1688955851038,44
1688955851128,100
1688955851657,100
1688955851942,96
1688955852292,100
1688955852793,100
1688955853292,100
1688955853542,4
1688955854288,47
1688955856986,1000
1688955860442,1000
1688955863691,143
1688956961306,999
1688956963311,757
1688959204995,743
1688959216707,405
1688960060918,3
1688961437622,22
1688961675145,502
1688961707024,502
1688962108850,537
1688962137174,6
1688962142089,1000
1688962144798,115
1688963172096,710
1688964327797,423
1688964411727,423
1688964421388,224
1688964460362,569
1688964522874,135
1688965107151,1000
1688965110439,1000
1688965114742,1000
1688965119112,1000
1688965122934,915
1688965229591,40
1688965238141,41
1688965258547,18
1688965261789,1000
1688965265737,1000
1688965268410,308
1688965491801,771
1688966691506,756
1688966698664,51
1688967948792,151
1688968016590,28
1688969015899,1000
1688969018704,590
1688971919023,273
1688971955243,563
1688971970966,23
1688971980605,100
1688971981265,100
1688971981986,83
1688972201414,1000
1688972204178,687
1688972217988,1000
1688972224432,1000
1688972225919,1000
1688972227408,1000
1688972228812,478
1688972436002,273
1688972581992,1000
1688972584501,1000
1688972587706,1000
1688972591126,1000
1688972594643,997
1688972626517,1000
1688972629473,1000
1688972631900,1000
1688972634999,697
1688972717498,549
1688972794103,549
1688973751674,769
1688973803725,80
1688973805995,17
1688973806699,2
1688973808071,19
1688973808683,14
1688973809164,11
1688973809616,4
1688973810250,28
1688973810989,26
1688973811991,68
1688973812521,30
1688973813054,16
1688973813711,39
1688973814163,25
1688973814788,13
1688973815342,38
1688973815913,9
1688973820850,161
1688974187926,967
1688974207801,439
1688974230143,398
1688974315213,295
1688975284891,1000
1688975286218,233
1688975316507,230
1688975344527,1000
1688975346436,1000
1688975348293,1000
1688975350236,1000
1688975351815,595
1688975475621,249
1688975875107,844
1688976163500,443
1688976271169,443
1688977533009,107
1688977546313,55
1688977730512,821
1688977746226,1000
1688977749027,957
1688977753959,58
1688977802850,1000
1688977805693,957
1688977895979,6
1688978241033,1000
1688978244004,957
1688978563821,444
1688978579092,29
1688978669330,1000
1688978670993,129
1688978903823,1000
1688978906939,957
1688979011892,1000
1688979014689,957
1688979026628,1000
1688979029420,957
1688979905928,719
1688979999192,719
1688980010610,562
1688980067892,790
1688980719925,1000
1688980722931,1000
1688980725005,278
1688980748416,37
1688980750301,100
1688980751184,100
1688980751417,54
1688980751686,20
1688980755630,100
1688980756690,100
1688980759286,46
1688980759895,100
1688980760798,100
1688980762770,8
1688980763260,100
1688980763815,7
1688980767887,61
1688980779046,1000
1688980782421,1000
1688980785303,1000
1688980788310,631
1688981078406,141
1688981111568,11
1688982100360,139
1688982685607,1000
1688982687819,1000
1688982690228,596
1688982690536,1000
1688982692619,999
1688982694052,192
1688982713898,100
1688982804010,451
1688982815615,602
1688982841810,321
1688982874118,602
1688982882838,602
1688982887874,34
1688982890522,457
1688982941759,100
1688983000837,100
1688983335412,1000
1688983337101,605
1688983556442,100
1688983574167,901
1688983589800,100
1688983601721,100
1688983604169,100
1688983608689,100
1688983610969,100
1688983616866,100
1688983687105,1000
1688983687958,45
1688983759019,1000
1688983761203,262
1688984104873,438
1688984107034,1000
1688984111306,1000
1688984114591,1000
1688984117913,945
1688984207519,208
1688984226450,100
1688984226940,4
1688984227587,206
1688984301049,313
1688984312607,1000
1688984313450,45
1688985650901,1000
1688985652496,133
1688985680054,608
1688985737313,1000
1688985739897,1000
1688985742307,278
1688986547213,832
1688988070783,97
1688988738810,456
1688988805965,456
1688989595399,213
1688989609816,7
1688989612690,120
1688990294243,896
1688990299188,39
1688990300720,368
1688991644022,268
1688992444615,418
1688992451512,1000
1688992452709,477
1688992749707,825
1688993562943,27
1688993810464,442
1688993826597,159
1688993827940,584
1688993859592,48
1688993870758,38
1688993876014,1000
1688993877930,437
1688994175264,304
1688994220096,2
1688994222592,31
1688994224207,71
1688994226326,245
1688994642603,33
1688994916903,33
1688994946595,145
1688994991187,15
1688995144895,86
1688995181062,11
1688995266111,49
1688995606303,752
1688995650227,763
1688996522696,757
1688996781697,866
1688996796798,100
1688996797789,79
1688997373864,158
1688997384371,8
1688998166618,243
1688998444354,227
1688998471192,207
1688998762819,991
1688998797638,1000
1688998799922,1000
1688998802619,1000
1688998804737,1000
1688998807165,1000
1688998808676,148
1688998809523,1000
1688998812117,1000
1688998813239,85
1688999098063,148
1688999350332,842
1689001147909,669
1689001155998,230
1689002197500,213
1689002285806,999
1689002288623,1000
1689002290052,227
1689002346197,999
1689002348388,1000
1689002349395,227
1689002398416,999
1689002400169,213
1689002400390,1000
1689002401338,227
1689002403132,999
1689002405290,1000
1689002406211,227
1689002413304,794
1689002904222,1000
1689002905343,132
1689003012545,1000
1689003013815,132
1689003053040,1000
1689003054076,132
1689003119517,746
1689003162112,696
1689003299826,302
1689003516039,415
1689003575800,239
1689003605697,25
1689003624287,52
1689003628933,1000
1689003632539,298
1689003639006,61
1689003649599,93
1689003650614,47
1689003651493,49
1689003652077,42
1689003652590,27
1689003653196,30
1689003654761,25
1689003656643,238
1689003745336,52
1689003764889,10
1689004043724,8
1689004181608,122
1689004691495,227
1689004783205,302
1689004832948,84
1689004836697,26
1689004839575,72
1689004844699,100
1689004845397,100
1689004845666,12
1689004846104,100
1689004846739,100
1689004847198,100
1689004847692,100
1689004847773,100
1689004848292,100
1689004848368,100
1689004848952,100
1689004848968,100
1689004849541,100
1689004849602,100
1689004850116,100
1689004850219,100
1689004850789,100
1689004850803,100
1689004851427,25
1689004851498,100
1689004852190,100
1689004852896,100
1689004853672,100
1689004854501,100
1689004855107,100
1689004855887,100
1689004856645,100
1689004857491,100
1689004858198,100
1689004858922,100
1689004859692,100
1689004860394,100
1689004861188,100
1689004861887,100
1689004862687,100
1689004863555,100
1689004864261,100
1689004864991,100
1689004865796,100
1689004866692,100
1689004867230,15
1689004871406,1000
1689004873289,1000
1689004875499,1000
1689004876415,52
1689004877605,999
1689004878009,595
1689004878740,191
1689004879796,302
1689005137394,84
1689005145181,26
1689005147294,72
1689005149804,100
1689005150391,100
1689005151005,100
1689005151203,12
1689005151523,100
1689005152092,100
1689005152704,100
1689005153121,100
1689005153509,100
1689005153644,100
1689005154104,100
1689005154158,100
1689005154637,100
1689005154714,100
1689005155500,100
1689005155585,100
1689005156049,100
1689005156178,100
1689005156598,100
1689005156695,100
1689005157074,25
1689005157141,100
1689005157746,100
1689005158386,100
1689005158991,100
1689005159591,100
1689005160238,100
1689005160994,100
1689005161591,100
1689005162430,100
1689005163104,100
1689005163804,100
1689005164637,100
1689005165198,100
1689005165891,100
1689005166595,100
1689005166755,251
1689005167300,100
1689005167891,100
1689005168692,100
1689005169495,100
1689005170019,15
1689005218494,313
1689005616296,43
1689005821316,253
1689005825024,22
1689005829988,91
1689005992099,100
1689005992569,4
1689005996702,8
1689005999006,1000
1689005999275,2
1689006000399,54
1689006001161,5
1689006003661,2
1689006005734,28
1689006009897,60
1689006172590,710
1689006212589,63
1689006229057,11
1689006232888,5
1689006235896,8
1689006238592,59
1689006243219,36
1689006245457,149
1689006465639,710
1689006474648,63
1689006475421,11
1689006475583,5
1689006475733,8
1689006476183,59
1689006476591,36
1689006486605,218
1689006532183,50
1689006574272,86
1689006673373,86
1689006687232,1
1689006966218,404
1689006988999,150
1689007636026,1000
1689007638627,454
1689007683404,999
1689007685616,803
1689007723895,100
1689007724743,100
1689007725652,100
1689007726579,84
1689007734569,68
1689007738005,569
1689007822026,898
1689008505654,112
1689008546298,120
1689009018169,211
1689009058522,458
1689009090286,18
1689009182702,211
1689009271048,349
1689009510393,991
1689009540193,100
1689009540793,100
1689009541438,100
1689009541845,21
1689010973704,985
1689010980815,414
1689011014084,48
1689011253262,7
1689012225293,580
1689012448207,33
1689012479513,370
1689012499533,86
1689012835618,86
1689013190514,1000
1689013191913,274
1689013205660,3
1689013211469,2
1689013214501,100
1689013214821,15
1689013221078,54
1689013226703,100
1689013227237,25
1689013229691,163
1689013264269,242
1689013270827,14
1689013523728,999
1689013526497,850
1689013534292,1000
1689013536392,1000
1689013538987,1000
1689013541286,1000
1689013543334,612
1689013618270,312
1689013644729,4
1689013652391,207
1689013683940,312
1689013698020,256
1689013749122,657
1689013782113,477
1689013955705,477
1689014037450,6
1689014043424,140
1689014083216,1000
1689014086098,1000
1689014089092,999
1689014091496,229
1689015075000,739
1689015077926,10
1689015078775,32
1689015078934,1
1689015079486,5
1689015079712,2
1689015080217,4
1689015080740,4
1689015081228,13
1689015081822,26
1689015083253,5
1689015565913,196
1689015583800,196
1689016612015,527
1689016634553,8
1689016638513,269
1689017849824,637
1689018161700,443
1689018168986,1000
1689018171808,1000
1689018172716,637
1689018173970,44
1689018175298,1000
1689018179965,903
1689018226454,443
1689018230363,44
1689018373419,531
1689018409210,181
1689018415296,192
1689018435049,97
1689018441978,120
1689018476773,680
1689018971134,13
1689018976087,19
1689018977166,26
1689018978203,22
1689018981111,15
1689019009501,576
1689019102197,141
1689019227537,1000
1689019230909,724
1689019293110,640
1689019306410,1000
1689019308787,1000
1689019309895,76
1689019347087,51
1689019442213,100
1689019442886,70
1689019454522,640
1689019723520,449
1689019772016,1000
1689019774495,1000
1689019775671,76
1689019797324,304
1689020644235,1000
1689020645995,821
1689020667907,1000
1689020669620,821
1689020946810,1000
1689020948636,821
1689020988987,1000
1689020990532,821
1689021075958,46
1689021077495,46
1689021169600,46
1689021180705,2
1689022340411,429
1689022415608,99
1689023072288,109
1689023182383,76
1689023249460,109
1689023312160,26
1689023517540,312
1689023631504,349
1689023655099,136
1689023686641,1000
1689023688222,375
1689023775978,109
1689023874413,1000
1689023876902,1000
1689023878403,380
1689023955104,299
1689024191299,12
1689025126697,1000
1689025128688,868
1689025145801,1000
1689025147437,689
1689026276848,525
1689026287975,404
1689026345211,525
1689026639411,415
1689027190304,705
1689027241791,765
1689027370222,82
1689027633725,199
1689027678703,199
1689027709717,1000
1689027713724,1000
1689027717934,1000
1689027721691,577
1689027744931,1000
1689027747733,770
1689027759564,199
1689027763096,35
1689027850245,119
1689027918758,82
1689027927607,617
1689027987842,119
1689028098521,870
1689028123850,6
1689028129122,1
1689028130099,6
1689028130943,7
1689028131194,7
1689028131349,6
1689028131436,4
1689028131583,7
1689028131840,23
1689028133666,33
1689029338120,262
1689030185310,52
1689030582390,159
1689031450024,488
1689033310635,1000
1689033313093,1000
1689033315719,699
1689034195198,1000
1689034197812,962
1689035431105,98
1689035441665,67
1689036128297,715
1689036171816,510
1689036263916,510
1689036324687,715
1689036396114,1000
1689036397565,506
1689036399719,687
1689036407671,100
1689036408196,100
1689036408652,20
1689036417257,4
1689036429823,96
1689036511857,1000
1689036513358,506
1689037063913,704
1689037519749,26
1689038340399,164
1689038349045,89
1689038408588,39
1689038443506,164
1689038451274,39
1689038506511,8
1689038511204,99
1689038515791,69
1689038526779,100
1689038527274,61
1689038534328,23
1689039787219,238
1689041023194,634
1689041508468,160
1689041593476,160
1689041612094,208
1689041729168,91
1689041753966,382
1689041919927,91
1689041929270,91
1689041948962,160
1689041957566,160
1689041992862,160
1689042012941,91
1689042022727,382
1689042266133,704
1689047004175,80
1689047176400,80
1689047224701,197
1689049153503,1000
1689049156703,1000
1689049158531,14
1689049163048,41
1689049163325,1
1689049163986,16
1689049164308,17
1689049164542,5
1689049164889,7
1689049165744,26
1689049165983,4
1689049166481,10
1689049166712,1
1689049167364,38
1689049167563,2
1689049168235,75
1689049168460,4
1689049169444,3
1689049169866,11
1689049170142,10
1689049170654,7
1689049171193,47
1689049171587,12
1689049171928,70
1689049173941,99
1689049174170,10
1689049174592,100
1689049175331,100
1689049175444,100
1689049176050,84
1689049176353,100
1689049176520,18
1689049177001,100
1689049177393,100
1689049177812,100
1689049178120,100
1689049178199,8
1689049178366,6
1689049178806,100
1689049179147,100
1689049179401,11
1689049179624,7
1689049179719,61
1689049182292,63
1689049184523,3
1689049186512,100
1689049187194,20
1689049188161,4
1689049196406,999
1689049200009,1000
1689049202053,14
1689049204785,41
1689049206771,1
1689049209018,16
1689049211093,17
1689049213042,5
1689049214751,7
1689049218959,26
1689049220741,4
1689049222906,10
1689049226596,1
1689049229481,38
1689049231846,2
1689049234687,75
1689049236860,4
1689049253412,3
1689049254569,11
1689049255564,10
1689049256526,7
1689049258100,47
1689049259939,12
1689049261094,70
1689049262294,99
1689049263090,100
1689049263796,100
1689049263971,10
1689049264503,84
1689049265277,100
1689049265973,18
1689049266050,100
1689049266726,100
1689049267607,100
1689049268141,6
1689049271399,100
1689049272097,100
1689049272900,100
1689049273377,10
1689049279591,1000
1689049282599,1000
1689049284632,13
1689049289105,41
1689049290994,1
1689049292568,16
1689049294186,17
1689049295482,5
1689049297626,7
1689049304102,26
1689049306134,4
1689049307880,10
1689049331006,2
1689049331009,1
1689049331219,75
1689049331346,38
1689049331607,3
1689049331892,4
1689049334063,11
1689049335359,10
1689049336402,7
1689049337610,47
1689049338669,12
1689049339768,70
1689049340989,99
1689049341790,100
1689049341987,10
1689049342509,100
1689049343190,100
1689049343193,84
1689049343990,100
1689049344756,100
1689049345296,18
1689049345460,100
1689049345929,6
1689049347739,100
1689049348400,100
1689049349177,100
1689049349660,10
1689049350716,8
1689049352591,100
1689049353149,7
1689049353672,61
1689049354621,63
1689049355579,3
1689049356949,100
1689049357621,4
1689049357634,20
1689049438794,1000
1689049440719,1000
1689049444306,1000
1689049446574,13
1689049448642,41
1689049449702,1
1689049450992,16
1689049451796,17
1689049452203,5
1689049452586,7
1689049452948,26
1689049453023,4
1689049453228,10
1689049453416,1
1689049453664,38
1689049455592,2
1689049456202,75
1689049456344,4
1689049456772,3
1689049457147,11
1689049457304,10
1689049457545,7
1689049457881,47
1689049457942,12
1689049458316,70
1689049458577,10
1689049458652,99
1689049459391,100
1689049459514,100
1689049460066,100
1689049460338,18
1689049460398,100
1689049460808,84
1689049461145,100
1689049461162,100
1689049461792,100
1689049461916,100
1689049462036,8
1689049462383,6
1689049462456,100
1689049462797,100
1689049462933,10
1689049463271,7
1689049463279,61
1689049463749,63
1689049464212,3
1689049464940,100
1689049465178,4
1689049465511,20
1689049501901,1000
1689049505205,1000
1689049515694,1000
1689049518221,201
1689049522227,39
1689049522579,1
1689050400415,1000
1689050405027,1000
1689050407581,13
1689050410301,41
1689050410567,1
1689050410844,16
1689050411111,17
1689050411160,5
1689050411265,7
1689050411698,26
1689050411743,4
1689050411921,10
1689050412100,1
1689050412323,2
1689050412342,38
1689050412735,75
1689050412748,4
1689050413043,3
1689050413305,11
1689050413472,10
1689050413522,7
1689050413869,47
1689050413925,12
1689050414400,70
1689050414530,99
1689050415690,100
1689050416356,10
1689050416391,100
1689050417200,84
1689050417208,100
1689050417430,18
1689050417805,100
1689050418200,100
1689050418593,100
1689050418924,100
1689050419244,100
1689050419649,100
1689050419756,10
1689050420143,6
1689050424333,1000
1689050428303,1000
1689050430390,13
1689050432554,41
1689050432936,1
1689050433700,16
1689050434156,17
1689050434649,5
1689050435061,7
1689050436241,26
1689050436604,4
1689050437274,10
1689050437532,1
1689050438233,38
1689050439000,2
1689050439891,75
1689050440161,4
1689050441292,3
1689050441976,11
1689050442582,10
1689050443236,7
1689050444093,47
1689050444590,12
1689050446390,70
1689050446999,99
1689050447451,10
1689050447680,100
1689050448504,100
1689050448895,100
1689050449318,84
1689050449543,18
1689050449674,100
1689050450493,100
1689050450504,100
1689050451295,100
1689050451309,100
1689050451737,8
1689050451871,6
1689050451952,100
1689050452426,10
1689050452744,100
1689050453259,7
1689050453409,61
1689050454219,63
1689050454754,3
1689050455620,100
1689050456156,4
1689050456197,20
1689050874119,1000
1689050878386,1000
1689050880372,13
1689050886575,41
1689050887982,1
1689050889172,16
1689050890788,17
1689050891827,5
1689050892802,7
1689050895081,26
1689050896647,4
1689050897759,10
1689050898693,1
1689050900089,38
1689050901293,2
1689050902692,75
1689050904151,4
1689050906639,3
1689050929974,11
1689050931452,10
1689050933336,7
1689050942067,12
1689050943802,70
1689050945488,99
1689050946290,100
1689050947063,100
1689050947900,84
1689050948967,10
1689050951274,100
1689050952099,100
1689050952899,100
1689050953592,100
1689050954188,6
1689050956427,18
1689050960191,100
1689050960907,100
1689050961750,100
1689050962278,10
1689050964548,8
1689050967091,100
1689050967657,7
1689050970108,61
1689050971862,63
1689051502018,1000
1689051504699,999
1689051507294,999
1689051510195,967
1689052808809,717
1689052872185,24
1689052878062,1
1689052880992,1
1689052883540,1
1689052884886,100
1689052885181,31
1689052885973,9
1689052888153,4
1689052889986,25
1689052891193,10
1689052892742,7
1689052893901,100
1689052894295,34
1689052895327,58
1689052896445,9
1689052897594,31
1689052898688,41
1689052900168,41
1689052901404,28
1689052907022,2
1689052908387,9
1689052909641,28
1689052913383,848
1689052935341,42
1689054158117,1000
1689054159794,204
1689054468208,547
1689054478596,14
1689054483351,353
1689056157996,919
1689056506294,144
1689056524402,254
1689056748918,919
1689056780415,1000
1689056781720,330
1689056801302,77
1689056801768,35
1689056802377,39
1689056802985,21
1689057074991,919
1689057869169,313
1689058125331,1000
1689058127040,713
1689058167604,313
1689058558880,118
1689058620808,260
1689058839905,260
1689058899086,260
1689058942839,1000
1689058945132,1000
1689058947151,1000
1689058949294,1000
1689058950711,437
1689059645626,339
1689059970129,339
1689062257515,1000
1689062260590,1000
1689062265054,1000
1689062270298,557
1689062337612,67
1689062353185,1
1689062432003,1000
1689062435535,1000
1689062440799,1000
1689062450799,557
1689062479308,1000
1689062484093,1000
1689062491123,1000
1689062507398,557
1689062580596,100
1689062582030,100
1689062583595,100
1689062585378,100
1689062586757,100
1689062588172,30
1689063443087,928
1689063445250,509
1689064243392,159
1689064253894,100
1689064254190,3
1689064261633,22
1689064377866,112
1689064389421,7
1689064838762,112
1689065178179,765
1689065291605,765
1689065313905,326
1689065622501,959
1689065644223,9
1689065698984,469
1689065820410,469
1689065957891,469
1689066039105,757
1689066046780,52
1689066272925,469
1689066471221,408
1689066754962,145
1689067126586,1000
1689067128103,605
1689067452922,274
1689067479479,274
1689067573801,274
1689067586383,18
1689069367513,266
1689069394378,26
1689069525706,830
1689069526713,421
1689069528184,266
1689069541282,22
1689069676989,204
1689069682016,839
1689069701406,1000
1689069703111,1000
1689069704724,978
1689069945126,129
1689069948894,103
1689070056242,129
1689070057931,103
1689070118904,265
1689070409206,85
1689070687608,1000
1689070690136,621
1689070833316,1000
1689070835901,938
1689070899629,192
1689072848375,7
1689072851453,55
1689074842728,1000
1689074845089,1000
1689074846150,52
1689074847525,596
1689074847723,1000
1689074850036,999
1689074851472,193
1689074877607,462
1689075574093,178
1689075582245,13
1689076708594,248
1689076831217,248
1689076835833,457
1689076904823,780
1689076925191,780
1689076935763,100
1689076936189,1
1689076939299,3
1689076940358,1
1689076941468,40
1689076942941,61
1689077416837,1000
1689077419306,34
1689077437514,818
1689077916519,1000
1689077922130,34
1689078589015,1000
1689078589854,18
1689078754373,370
1689078931702,1000
1689078932591,18
1689080175705,1000
1689080178387,1000
1689080180925,1000
1689080183938,1000
1689080187101,900
1689080351555,906
1689080369233,11
1689080555711,190
1689081647189,104
1689082266299,1000
1689082267793,164
1689082371942,109
1689082381095,129
1689082401634,13
1689082743799,238
1689082803941,238
1689082970798,249
1689083100817,238
1689083106413,1000
1689083107596,465
1689083129917,238
1689083134402,1000
1689083136504,465
1689084845112,363
1689084897301,861
1689087418399,256
1689087556102,256
1689087833620,1000
1689087837212,961
1689087840095,85
1689087843278,100
1689087844208,100
1689087844241,100
1689087845063,100
1689087845125,100
1689087845568,15
1689087845960,67
1689087849704,46
1689087851564,6
1689087852463,20
1689087858594,61
1689087862372,33
1689087866325,572
1689087873116,332
1689088454903,332
1689088603509,332
1689088815967,325
1689088818176,596
1689089185754,354
1689089204045,1
1689089336585,74
1689089383393,59
1689090194629,60
1689090817554,542
1689090842022,100
1689090842572,100
1689090843191,100
1689090843804,100
1689090844232,30
1689091229145,139
1689091237296,54
1689091273883,9
1689091276742,7
1689091277734,6
1689091279143,25
1689091279607,2
1689091280169,34
1689091280280,17
1689091280375,1
1689091280788,72
1689091386892,542
1689091390774,341
1689091876011,365
1689091938307,365
1689091943994,167
1689092152390,1000
1689092153097,85
1689092155007,961
1689092158701,572
1689092160508,100
1689092161475,100
1689092161724,100
1689092162111,100
1689092162219,100
1689092162570,15
1689092162763,67
1689092165972,46
1689092167450,6
1689092168490,20
1689092173556,33
1689092403633,642
1689092731894,642
1689092752118,259
1689093150420,1000
1689093151862,27
1689093921297,1000
1689093922827,49
1689094077446,1000
1689094081196,1000
1689094085450,757
1689094106016,893
1689095926410,1000
1689095928624,437
1689096019932,1000
1689096021992,437
1689096042093,55
1689096045404,31
1689096046646,1
1689096048176,12
1689096050291,43
1689096051490,32
1689096052790,98
1689096053960,13
1689096055198,56
1689096056188,55
1689096057131,32
1689096058092,30
1689096059594,43
1689096060593,12
1689096062461,100
1689096062922,1
1689096064011,100
1689096064570,31
1689096065694,100
1689096066469,56
1689096067409,100
1689096068191,100
1689096068896,26
1689096069068,100
1689096069754,100
1689096069829,37
1689096070387,41
1689096070892,61
1689096072109,80
1689096073047,100
1689096073895,100
1689096074606,41
1689096074771,100
1689096075397,100
1689096075577,100
1689096076199,100
1689096076376,100
1689096076994,36
1689096077176,100
1689096077753,27
1689096101739,332
1689096784796,101
1689096791641,101
1689097716300,296
1689097832242,295
1689097844694,296
1689098858597,264
1689099296004,786
1689099316528,4
1689099500054,95
1689100432093,102
1689100476474,102
1689100488541,86
1689100664348,1000
1689100667799,1000
1689100671314,603
1689100844344,440
1689101057708,1000
1689101060720,1000
1689101063938,603
1689101623739,665
1689101812093,5
1689101813050,28
1689101814066,26
1689101814694,4
1689101815357,15
1689101819299,23
1689101819854,4
1689101821169,100
1689101821866,32
1689101825126,1000
1689101827108,415
1689101869746,36
1689101877280,29
1689101880190,71
1689101882690,24
1689101885293,95
1689101952630,489
1689102074257,489
1689102079493,489
1689102561006,1000
1689102562101,146
1689102585146,100
1689102585494,43
1689102596996,100
1689102597548,100
1689102598186,100
1689102598791,100
1689102599292,71
1689102605690,26
1689102612808,643
1689102820910,1000
1689102821804,146
1689102836293,100
1689102836610,43
1689102853886,643
1689102890415,806
1689102911947,97
1689102940519,806
1689103012332,806
1689103155504,806
1689103229500,444
1689103344919,343
1689103359308,567
1689103361598,130
1689103486396,12
1689103495235,61
1689103499462,68
1689103502991,100
1689103503789,100
1689103504496,34
1689103506486,78
1689103511350,5
1689103513234,5
1689103519052,950
1689104292614,390
1689104314399,130
1689104318974,100
1689104319557,4
1689104381125,1000
1689104384114,959
1689105052859,73
